title,price,rating,oprice,brand
USM ID116 Smart Watch Smart Bracelet Fitness Tracker Color Screen Smartwatch Heart Rate Blood Pressure Pedometer Sleep Monitor  ,329,4.3,₹329,USM
"boAt Flash Edition Smart Watch with Activity Tracker, Multiple Sports Modes, 1.3"" Screen, 170+ Watch Faces, Sleep Monitor, Gesture, Camera & Music Control, IP68 & 7 Days Battery Life(Lightning Black)  ","1,199",4.0,"₹1,199",boAt
"Noise ColorFit Pulse Grand Smart Watch with 1.69""(42.9cm) HD Display, 60 Sports Modes, 150 Watch Faces, Fast Charge, Spo2, Stress, Sleep, Heart Rate Monitoring & IP68 Waterproof (Champagne Grey)  ","1,299",4.0,"₹1,299",Noise
"boAt Xtend Smartwatch Batman Edition with Alexa Built-in, 1.69” HD Display, Multiple Watch Faces, Stress Monitor, Heart & SpO2 Monitoring, 14 Sports Modes, Sleep Monitor, 5 ATM(Knight Black)  ","1,299",4.2,"₹1,299",boAt
Krishna Analog Analog Watch - for Boys & Girls  ,119,5.0,₹119,Generic
Silicone Strap Analog Wrist Watch for Men (Black/Blue/Red) | LD-BK054  ,399,4.0,₹399,LOUIS DEVIN
"Bouncefit D20 Y68 Fitness Band Smartwatch – Single Touch Interface, Water Resistant, Workout Modes, Quick Charge Sports Smartwatch for Boys and Girls – Jet Black  ",479,3.0,₹479,Bouncefit
Digital Sports Multi Functional Black Dial Watch for Mens Boys -315RED  ,284,3.8,₹284,Shocknshop
"boAt Wave Prime47 Smart Watch with 1.69"" HD Display, 700+ Active Modes, ASAP Charge, Live Cricket Scores, Crest App Health Ecosystem, HR & SpO2 Monitoring(Matte Black)  ","1,199",3.4,"₹1,199",boAt
"Tokdis MX-1 Pro Bluetooth Calling Smartwatch - 1.69” LCD Display, Multiple Watch Faces, Sleep Monitor, Heart & SpO2 Monitoring, Multiple Sports Modes  ",799,3.1,₹799,Tokdis
"Digital 24 Images Projector Watch for Kids Boys Watch, Diwali Gift, Birthday Return Gift, Best Digital Toy Watch for Boy's & Girl's BG-906  ",289,4.1,₹289,ADAMO
Analog Day Date Functioning Stainless Steel Chain Watch for Men  ,319,3.8,₹319,TIMEWEAR
SHREENOVA® ID116 Plus Bluetooth Fitness Smart Watch for Men Women and Kids Activity Tracker (Black)  ,278,3.1,₹278,Generic
"Fire-Boltt Visionary 1.78"" AMOLED Bluetooth Calling Smartwatch with 368 * 448 Pixel Resolution, Rotating Crown & 60Hz Refresh Rate 100+ Sports Mode, TWS Connection, Voice Assistance  ","3,799",4.3,"₹3,799",Fire-Boltt
"Hammer Ace 3.0 Bluetooth Calling Smart Watch with Largest 1.85"" IPS Display, Dual Mode, Spo2, Heart Rate, Strong Metallic Body & Skin Friendly Strap (Black)  ","1,499",4.5,"₹1,499",Hammer
"Fire-Boltt Ring 3 Smart Watch 1.8"" Biggest Display Advanced Bluetooth Calling Chip, Voice Assistance,118 Sports Modes, in Built Calculator & Games, SpO2, Heart Rate Monitoring  ","1,999",4.2,"₹1,999",Fire-Boltt
"boAt Flash Edition Smart Watch with Activity Tracker, Multiple Sports Modes, 1.3"" Screen, 170+ Watch Faces, Sleep Monitor, Gesture, Camera & Music Control, IP68 & 7 Days Battery Life(Galaxy Blue)  ","1,199",4.0,"₹1,199",boAt
"Fire-Boltt Gladiator 1.96"" Biggest Display Smart Watch with Bluetooth Calling, Voice Assistant &123 Sports Modes, 8 Unique UI Interactions, SpO2, 24/7 Heart Rate Tracking, Rs 100 Off on UPI  ","2,499",4.0,"₹2,499",Fire-Boltt
"boAt Newly Launched Wave Armour with 1.83” HD Display, Bluetooth Calling, Rugged Design, HR, SpO2 & Sleep Monitoring, Multiple Sports Modes, Multiple Watch Faces(Olive Green)  ","1,999",4.5,"₹1,999",boAt
VMBS A1 Smart Watch Mobile Inbuild Camera Supporting 4G/5G Sim Smartwatch for Phone  ,990,2.5,₹990,VMBS
Analog Day & Date Display Wrist Watch for Men & Boys (Black)  ,299,3.6,₹299,Matrix
"Fire-Boltt Gladiator 1.96"" Biggest Display Smart Watch with Bluetooth Calling, Voice Assistant &123 Sports Modes, 8 Unique UI Interactions, SpO2, 24/7 Heart Rate Tracking, Rs 100 Off on UPI  ","2,499",4.0,"₹2,499",Fire-Boltt
"Smart Watch for men women boys 1.3"" OLED HD Display, Multiple watch Faces, SpO2 Monitoring, Sleep Monitor for Boys, Girls, Mens, Women & Kids for all Smartphones (ID 116 Plus Black) (ID116 Black)  ",432,4.6,₹432,LOCREST
Stainless Steel Watch Series Analogue Men's Watch (Black Dial Mens Long Colored Strap) -W219  ,285,3.8,₹285,Shocknshop
Analogue White Dial Kids Watch for Boys & Girls  ,189,3.5,₹189,SWADESI STUFF
Simple Sport Digital Men’s Military Watches Electronic LED Time Black Wrist Watch  ,449,3.8,₹449,Shocknshop
Analog Boy's & Men's Watch (Blue Dial Blue Colored Strap)  ,266,3.6,₹266,REDUX
Digital Watch Shockproof Multi-Functional Automatic Black Color Strap Waterproof Digital Sports Watch for Mens Kids Watch for Boys Watch for Men Pack of 1 Watch Water Resistance Digital Watch  ,189,3.8,₹189,SELLORIA
Digital Dial Men's & Women's Watch(AB206-VSD)  ,299,2.5,₹299,CERO
Analogue - Digital Men's Watch (Black Dial Black Colored Strap)  ,799,3.8,₹799,V2A
V2A Digital Unisex Watch (Grey Dial Black Colored Strap)  ,990,4.1,₹990,V2A
Analog Grey Dial Unisex-Adult Watch-68011PP08  ,895,4.2,₹895,Fastrack
Analogue Black Dial Men's Watch - SS-GR918-BLK-BLK  ,149,2.5,₹149,SWISSTYLE
New Edition i7 Pro Max All in One Series 7 Smart Watch with Fitness Tracker Heart Monitor Men Women Smart Watch Black  ,589,3.3,₹589,Generic
Multi Dial Chronograph Luxury Quartz Analog Watch for Men  ,339,3.7,₹339,SWADESI STUFF
"MAGBOT Q9 Smart Watch for Men & Women Latest Bluetooth 1.3"" LED with Daily Activity Tracker, Heart Rate Sensor, BP Monitor, Sports Gym Watch for All Boys & Girls - Black  ",499,3.6,₹499,MAGBOT
"Noise ColorFit Pulse Grand Smart Watch with 1.69""(4.2cm) HD Display, 60 Sports Modes, 150 Watch Faces, Fast Charge, Spo2, Stress, Sleep, Heart Rate Monitoring & IP68 Waterproof (Lime Green)  ","1,299",4.0,"₹1,299",Noise
Tees Analog Dial Unisex-Adult Watch  ,950,4.2,₹950,Fastrack
"PTron Newly Launched Force X10 Bluetooth Calling Smartwatch with 1.7"" Full Touch Color Display, Real Heart Rate Monitor, SpO2, Watch Faces, 5 Days Runtime, Fitness Trackers & IP68 Waterproof (Blue)  ","1,399",3.2,"₹1,399",pTron
Analog Men's Watch (Multicolor Dial Multi Colored Strap)  ,129,3.1,₹129,hamt
"SHREENOVA XA Smart Watch for Men & Women Latest Bluetooth 1.3"" LED with Daily Activity Tracker, Heart Rate Sensor,Sports Gym Watch for All Boys & Girls - Black  ",295,3.0,₹295,Generic
"OLICOM M1 Smart Watch Id-116 Bluetooth Smartwatch Wireless Fitness Band for Boys, Girls, Men, Women & Kids | Sports Gym Watch for All Smart Phones I Heart Rate and spo2 Monitor  ",499,3.6,₹499,OLICOM
Analog White+Blue+ Pink Dial Unisex's Watch-68031AP03  ,"1,995",5.0,"₹1,995",Fastrack
"boAt Xtend Smart Watch with Alexa Built-in, 1.69” HD Display, Multiple Watch Faces, Stress Monitor, HR & SpO2 Monitoring, 14 Sports Modes, Sleep Monitor, 5 ATM & 7 Days Battery Life(Deep Blue)  ","1,799",4.2,"₹1,799",boAt
New LED Square Digital Watch for Boys & Girls  ,99,2.7,₹99,RPS FASHION WITH DEVICE OF R
"CrossBeats Ignite GRIT Smart Watch, 1.83 AMOLED Display with Advanced Bluetooth Calling, Rotating Crown,AI Health Sensors, 150+ Sports Modes, 250+Watch Faces, in-Built Games, 15 Days Battery-Black  ","2,999",4.3,"₹2,999",CrossBeats
Square Multi DIAL Analog Silicon Strap ADDI Stylish Designer Analog Watch - for Boys  ,189,3.5,₹189,SWADESI STUFF
Analog Men's Watch  ,"1,298",4.1,"₹1,298",TIMEX
The Watch (Fourteen Tales of Thirteen Covens Book 5)  ,0,5.0,₹0,Audrey Brice
Black Dial Analogue Watch for Men Pack of 1 (FULLBLKPAYDU)  ,265,3.6,₹265,Acnos
"CrossBeats Ignite GRIT Smart Watch, 1.83 AMOLED Display with Advanced Bluetooth Calling, Rotating Crown,AI Health Sensors, 150+ Sports Modes, 250+Watch Faces, in-Built Games, 15 Days Battery-Black  ","2,999",4.3,"₹2,999",CrossBeats
Axial Digital Black Dial Men's Watch-DZT2017  ,"10,397",3.8,"₹10,397",Diesel
Analog Men's Watch (Brown Dial Brown Colored Strap)  ,299,3.6,₹299,SWISSTONE
"AYL Smart Watch New Generation for You ID116 Touchscreen Android Smart Watch Bluetooth Smartwatch with Heart Rate Sensor and Basic Functionality for All Women, Men, Boys & Girls - Black  ",499,3.4,₹499,AYL
LED Digital Watch Good Looking Black Watch for Boys & Girls (Black Color)  ,95,2.9,₹95,Generic
RPM Analog Grey Dial Men's Watch-NN77031SL03/NP77031SL03  ,"1,699",4.1,"₹1,699",Sonata
Analog Dial Black Metal Strap Watch Series Watches for Men Watch for Man and Watch for Boys  ,284,3.5,₹284,The Shopoholic
i8 Pro Max Touch Screen Bluetooth Smartwatch with Activity Tracker Compatible with All 3G/4G/5G Android & iOS Smartphones - Black  ,919,2.9,₹919,Generic
"Fire-Boltt Visionary 1.78"" AMOLED Bluetooth Calling Smartwatch with 368 * 448 Pixel Resolution, Rotating Crown & 60Hz Refresh Rate 100+ Sports Mode, TWS Connection, Voice Assistance  ","3,799",4.3,"₹3,799",Fire-Boltt
All Black Stainless Steel Strap Stylish Analog Watch for Men  ,299,3.5,₹299,SWADESI STUFF
"boAt Wave Lite Smartwatch with 1.69 Inches(4.29cm) HD Display, Heart Rate & SpO2 Level Monitor, Multiple Watch Faces, Activity Tracker, Multiple Sports Modes & IP68 (Scarlet Red)  ","1,499",3.9,"₹1,499",boAt
"Smart Watch for men women boys 1.3"" OLED HD Display, Multiple watch Faces, SpO2 Monitoring, Sleep Monitor for Boys, Girls, Mens, Women & Kids for all Smartphones (ID 116 Plus Black) (ID116 Black)  ",432,4.6,₹432,LOCREST
Silicone Strap Black Dial Watch for Men | Watches for Boys | Stylish Analog Watches for Men  ,"1,499",5.0,"₹1,499",Sylvi
Diamond Studded Stylish Analogue Watch with Rose Gold Dot Bracelet for Girls & Women  ,240,3.8,₹240,ZUPERIA
Neo Analog Grey Dial Men's Watch-1802SL12  ,"2,795",4.1,"₹2,795",Titan
Fastrack Reflex Hello Smart Watch with BT Calling|Bright HD Display|AI Voice Assistant|50+ Sports Modes|100+ Watchfaces|BP Monitor|24x7 HRM| SpO2|Upto 5 Day Battery|Camera & Music Control|IP68  ,"3,994",3.8,"₹3,994",Fastrack
Men's Military Digital Watches Analog Quartz Waterproof Watch Sport Multifunctional Leather Wristwatch  ,"3,152",4.5,"₹3,152",NAVIFORCE
"Digital 24 Images Projector Watch for Kids Boys Watch, Diwali Gift, Birthday Return Gift, Best Digital Toy Watch for Boy's & Girl's BG-906  ",289,4.1,₹289,ADAMO
Analog Minute Track Dial Stainless Steel Chain Watch for Men  ,279,3.9,₹279,TIMEWEAR
"AYL Waterproof D-20 Touch Screen Smart Watch Bluetooth Smartwatch with Blood Pressure Tracking, Heart Rate Sensor and Basic Functionality for All Women and Girls (Pink)  ",470,3.4,₹470,AYL
"pTron Force X12S Bluetooth Calling Smartwatch, 1.85"" Full Touch HD Display, Functional Crown, Real Heart Rate Monitor, SpO2, Watch Faces, 5 Days Battery Life, Fitness Trackers & IP68 Waterproof (Pink)  ","1,449",3.3,"₹1,449",pTron
Karishma Analog Black Dial Men's Watch-NL1636SM01  ,"1,615",4.1,"₹1,615",Titan
"Talk S with 1.78"" AMOLED Display|Advanced BT Calling|Music Storage with Wireless Audio Connect|100+ Sports Modes|Animated Watchfaces|5 Days Battery|IP68 Water Resistant|Stress & Mood Monitor  ","8,995",4.1,"₹8,995",Titan
"MARVIK Smart Watch D116 for Xiaomi Mi Note 9 Smart Watch Bluetooth SmartWatch with Activity Tracker, Heart Rate Sensor, Sleep Monitor and Basic Functionality for All Boys & Girls  ",449,3.1,₹449,MARVIK
Brand - A Digital Watch Shockproof Multi-Functional Automatic 5 Color Army Strap Waterproof Digital Sport's Watches for Men's Kids Watch for Boys - Watches for Men  ,275,3.8,₹275,Acnos
"Boult Dive+ with 1.85"" HD Display, Bluetooth Calling Smartwatch, 500 Nits Brightness, 7 Days Battery Life, 150+ Watch Faces, 100+ Sport Modes, IP68 Waterproof Smart Watch (Jet Black)  ","1,999",4.1,"₹1,999",Boult Audio
Watches for Men Round Numerical Dial |Analogue Quartz Movemnet Mens Watch|Long Battery Life|Stainless Steel Adjustable Bracelet Black Chain with Long Lasting Polish| Watches for Boys  ,249,4.3,₹249,IIK COLLECTION
"Redmi Watch 2 Lite - 3.94 cm Large HD Edge Display, Multi-System Standalone GPS, Continuous SpO2, Stress & Sleep Monitoring, 24x7 HR, 5ATM, 120+ Watch Faces, 100+ Sports Modes, Women's Health, Blue  ","2,499",3.9,"₹2,499",Redmi
Analog Black Dial Unisex-Adult Watch-9915PP56  ,950,4.1,₹950,Fastrack
"Apple Watch SE (2nd Gen) [GPS 40 mm] Smart Watch w/Midnight Aluminium Case & Midnight Sport Band. Fitness & Sleep Tracker, Crash Detection, Heart Rate Monitor, Retina Display, Water Resistant  ","29,400",4.6,"₹29,400",Apple
Digital Watch for Men  ,95,2.4,₹95,Generic
Analog Black Dial Men's Watch-NG38022PP03W / NG38022PP03C  ,795,4.4,₹795,Fastrack
Lapster USB all types smartwatch charger cable for boat watch charger & boat xtend watch charger & boat storm watch charger- All 2 Pin Watch (Cable Only)  ,113,3.4,₹113,LS LAPSTER Quality Assured
Unisex Elegant Plane Style Digital Display Waterproof Outdoor Sports Silicone Strap LED Wrist Watch ( black )  ,390,3.3,₹390,FANMIS
New Fastrack Reflex Beat+ 1.69” UltraVU Display|500 Nits Brightness|60 Sports Modes|24*7 Heart Rate Monitor|SpO2 Monitor|Sleep Tracker|IP68 Water Resistant|Music & Camera Control  ,"1,694",3.9,"₹1,694",Fastrack
Quartz Movement Analogue Display Multicoloured Dial Men's Watch (Green Dial Green Colored Strap)-Army  ,125,3.3,₹125,RPS FASHION WITH DEVICE OF R
"New LED Watch for Boys, Girls and Kids Digital Black Dial Led Watch for Kids Unisex Birthday Gift Digital Watch  ",100,3.9,₹100,BITZAG
Premium Casual Stylish Watch | Luxury Working Chronograph Watch for Men | Water-Resistant Branded Men's Wrist Watch with Stopwatch & Date Display - Timegrapher Red Leather Watch  ,"1,109",3.0,"₹1,109",Sylvi
Fastrack Reflex Vox 2 Smart Watch with BT Calling Large 1.8 Bright HD Display Music Storage AI Voice 50+ Sports Modes 100+ Watchfaces BP Monitor 24x7 HRM SpO2 Upto 5 Day Battery IP68 (Black)  ,"4,995",3.6,"₹4,995",Fastrack
Brand - A Taymex Digital Watch Shockproof Multi-Functional Automatic Black Strap Waterproof Digital Sports Watch For Men's Kids Watch For Boys - Watch For Men Pack Of 1  ,285,4.0,₹285,Acnos
"CrossBeats Ignite S5 Advanced AI ENC BT Calling Smartwatch, 1.96” Super AMOLED Anti-Glare Screen, Always on Display, Calculator, 500+ Watch Faces, 360 Degree Health Tracking, Fast Charge (Silver)  ","4,999",4.1,"₹4,999",CrossBeats
Vintage Series Digital Dial Men's & Women's Watch  ,299,2.7,₹299,MIVAAN
Classics Analog White Dial Men's Watch-A300  ,619,4.2,₹619,TIMEX
"Noise ColorFit Ultra Buzz Bluetooth Calling Smart Watch with 1.75"" HD Display, 320x385 px Resolution, 100 Sports Modes, Stock Market Info Smartwatch for Men & Women (Charcoal Black)  ","1,999",4.1,"₹1,999",Noise
Analogue Men's Watch(Gold Dial Silver Colored Strap)-S1089-2  ,"4,099",4.0,"₹4,099",FORSINING
"Hammer Pulse Ace Pro Bluetooth Calling Smartwatch with SpO2 & 1.81” Aluminium Alloy Body with Blood Oxygen Monitoring, Heart Rate, Full Touch & Multiple Watch Faces with Customization (Black)  ","1,798",3.8,"₹1,798",Hammer
Analogue Men's Watch Vills Black Dial  ,310,3.7,₹310,PIRASO
"Redmi Watch 2 Lite - Multi-System Standalone GPS, 3.94 cm Large HD Edge Display, Continuous SpO2, Stress & Sleep Monitoring, 24x7 HR, 5ATM, 120+ Watch Faces, 100+ Sports Modes, Women’s Health, Black  ","2,400",3.9,"₹2,400",Redmi
Analog Men's Watch (Dial Colored Strap)  ,"4,459",4.4,"₹4,459",Titan
"Fire-Boltt Ring Bluetooth Calling Smartwatch with SpO2 & 1.7” Metal Body with Blood Oxygen Monitoring, Continuous Heart Rate, Full Touch & Multiple Watch Faces (Grey)  ","2,299",4.1,"₹2,299",Fire-Boltt
"Analogue White Dial Spiderman Boy's, Girl's Watch (Red)  ",249,3.7,₹249,FRIEDRICH
Classics Analog White Dial Men's Watch-A300  ,619,4.2,₹619,TIMEX
Watch: A Novel  ,939.,4.6,₹939.86,Keith Buckley
Luxury Analog Men's Watch (Black Dial Black Colored Strap)  ,649,3.6,₹649,LORENZ
Youth-Digital Black Dial Men's Watch-AE-1200WH-1BVDF (D098)  ,"2,595",4.5,"₹2,595",Casio
"APCSA Original New Series 7 D20 Bluetooth Wireless Smart Watch, Fitness Band for Boys, Girls, Men, Women & Kids | Sports Watch for All Smart Phones I Heart Rate and BP Monitor ( Pink )  ",498,3.0,₹498,APCSA
Analog Boy's & Men's Watch (Blue Dial Blue Colored Strap)  ,,3.6,,REDUX
"Fire-Boltt Ninja Fit Smartwatch Full Touch 1.69 & 120+ Sports Modes with IP68, Multi UI Screen, Over 100 Cloud Based Watch Faces, Built in Games  ","1,299",4.2,"₹1,299",Fire-Boltt
Tropical Waters Analog Green Dial Women's Watch-NM68010SM07 / NL68010SM07  ,"1,504",4.4,"₹1,504",Fastrack
"Fire-Boltt Gladiator 1.96"" Biggest Display Smart Watch with Bluetooth Calling, Voice Assistant &123 Sports Modes, 8 Unique UI Interactions, SpO2, 24/7 Heart Rate Tracking, Rs 100 Off on UPI  ","2,499",4.0,"₹2,499",Fire-Boltt
Analog Gold Dial Women's Watch-DK11430-4  ,,4.2,,DANIEL KLEIN
"Smart 2 Fashion Smartwatch, 1.78” AMOLED Display with Premium Metal Body, Multiple Sports Modes with 100+ Watchfaces, Complete Health Suite with Stress Monitor, 7 Days Battery Life & 3 ATM  ","5,995",3.9,"₹5,995",Titan
NOVA Skeleton Automatic Watch Mechanical Wrist Watch for Men Bezel Screw Design Silicone Band Self-Wind Business Watch for Men  ,"3,490",4.2,"₹3,490",ALTURA
"boAt Wave Lite Smartwatch with 1.69 Inches(4.29cm) HD Display, Heart Rate & SpO2 Level Monitor, Multiple Watch Faces, Activity Tracker, Multiple Sports Modes & IP68 (Scarlet Red)  ","1,499",3.9,"₹1,499",boAt
Black Dial Date Display Analogue Watch for Men and Boys  ,249,3.8,₹249,SWADESI STUFF
"Redmi Watch 2 Lite - 3.94 cm Large HD Edge Display, Multi-System Standalone GPS, Continuous SpO2, Stress & Sleep Monitoring, 24x7 HR, 5ATM, 120+ Watch Faces, 100+ Sports Modes, Women's Health, Blue  ","2,499",3.9,"₹2,499",Redmi
Digital Boy's & Men's Watch (Multicolour Dial Multi Colored Strap)  ,231,3.9,₹231,ZUPERIA
"(Renewed) Fire-Boltt Gladiator 1.96"" Biggest Display Smart Watch with Bluetooth Calling, Voice Assistant &123 Sports Modes, 8 Unique UI Interactions, SpO2, 24/7 Heart Rate Tracking  ","2,123",3.4,"₹2,123",Amazon Renewed
Black dial-case and Black Leather Watch for Men Pack of - 1  ,245,3.4,₹245,Acnos
Volt+ Analog Black Dial Men's Watch NM77086PL01 / NL77086PL01/NP77086PL01W  ,875,4.2,₹875,Sonata
Analog Black Dial Men's Watch-3089NM03  ,"2,641",4.2,"₹2,641",Fastrack
Analog Gold Dial Men's Watch-NL1650YM04/NP1650YM04  ,"2,787",4.4,"₹2,787",Titan
Digital Men's Watch (Black Colored Strap)  ,329,3.7,₹329,Scarter
"(Renewed) Fire-Boltt Ninja Call Pro Dual Chip Bluetooth Calling Smartwatch, AI Voice Assistance 1.69 HD Display, 100 Sports Modes, with SpO2 & Heart Rate Monitoring, 240*280 Pixel High Resolution  ","1,358",4.0,"₹1,358",Amazon Renewed
Analog Women's Watch  ,"1,354",4.3,"₹1,354",Fastrack
Venus Digital Grey Dial Men's Watch-NL7982PP01/NM7982PP01  ,499,4.1,₹499,SF
"Gen 5E Smartwatch with AMOLED Screen, Wear OS by Google, Built-in Speaker for Phone Calls, Google Assistant, SpO2, GPS, NFC, Wellness Features and Smartphone Notifications  ","14,794",3.9,"₹14,794",Fossil
Zaha New Generation Digital Square Watch for Boys & Girls & Kids (Red)  ,139,5.0,₹139,Generic
Karishma Analog Black Dial Men's Watch-NL1636SM01  ,"1,615",4.1,"₹1,615",Titan
Analog Black Dial Men's Watch-MTP-VT01D-1BUDF (A1612)  ,"3,188",4.4,"₹3,188",Casio
Green-Black Dial Analogue Watch for Men | Watch for Boys- Mk-2092W  ,299,3.7,₹299,LORENZ
Diamond Studded Stylish Analogue Watch with Rose Gold Dot Bracelet for Girls & Women  ,240,3.8,₹240,ZUPERIA
"Fire-Boltt Eterno 1.99"" Largest Display, Bluetooth Calling Smartwatch with 1184mm Display Area, AI Voice Assistant, 120+ Sports Modes (Yoga) with Smart Split Screen to Toggle between functions, Gaming on the Wrist  ","2,499",4.2,"₹2,499",Fire-Boltt
Analog Gold Dial Men's Watch-43234CMGY  ,"1,349",Only 1 left in stock.,"₹1,349",Maxima
Beyond Gold Analog Black Dial Men's Watch-NN77031KM03/NP77031KM03  ,"2,149",4.3,"₹2,149",Sonata
Analog Black Dial (Big dial) Men's Watch-DZ7395  ,"33,995",4.0,"₹33,995",Diesel
Analog White Dial Men's Watch-NL1639SL03  ,"1,995",4.1,"₹1,995",Titan
"MARVIK Smart Watch D116 for Xiaomi Mi Note 9 Smart Watch Bluetooth SmartWatch with Activity Tracker, Heart Rate Sensor, Sleep Monitor and Basic Functionality for All Boys & Girls  ",449,3.1,₹449,MARVIK
Analogue White Slim Dial Luxurious Blue/Red Fabric Strap Fashion Men's Wrist Watch  ,269,3.7,₹269,FRIEDRICH
"CrossBeats Newly launched Ignite S5 Advanced AI ENC BT Calling Smartwatch, 1.96” Super AMOLED Anti-Glare Screen, Always on Display, SnapCharge™ Calculator, 500+ Watch Faces, AI Health Feature (Black)  ","4,999",4.1,"₹4,999",CrossBeats
"WRISTIO 3 1.85"" HD, Bluetooth Calling Smart Watch, 50+ Sports Modes, Rotating Crown, 15 days battery life, Split-screen, Water Resistant, Smart Health Monitoring, Password Protection, Black  ","1,599",3.3,"₹1,599",NOVITA
"Fire-Boltt Ninja 3 1.83"" Display Smartwatch Full Touch with 100+ Sports Modes with IP68, Sp02 Tracking, Over 100 Cloud Based Watch Faces  ","1,299",4.2,"₹1,299",Fire-Boltt
"Analogue Waterproof Men's Day and Date Watch (Gold Round Dial Gold Strap,LS4010)  ",599,M.R.P: ,₹599,RUSTET
Analog Black Dial Men's Watch-TW000U934  ,"3,495",4.2,"₹3,495",TIMEX
Analog Black Dial Men's Watch-TW000U934  ,"3,495",4.2,"₹3,495",TIMEX
Analog Gold Dial Women's Watch-TW000Q810  ,"3,076",4.4,"₹3,076",TIMEX
Analog Dial Women's Watch  ,"2,580",4.1,"₹2,580",French Connection
Analog White Dial Men's Watch-7135SL03/NP7135SL03  ,875,4.2,₹875,Sonata
Analog Black Dial Men's Watch-3089NM03  ,"2,641",4.2,"₹2,641",Fastrack
"DIZO Watch D2 Power (by realme TechLife) – Large 1.91"" Superlight, Single Chipset Bluetooth Calling Smartwatch with Smart Swipe, 150+Stylish Watch Faces and 10 Day Battery (Steel Grey)  ","1,799",3.7,"₹1,799",DIZO
The Watch (Red Book 1)  ,446,4.5,₹446,Amanda Witt
"Newly Launched Maxima Max Pro Knight Bluetooth Calling smartwatch with 44.5mm Round Active Display of 550 Nits Brightness, Voice Assistant, HR & SpO2 Monitor,30+ Excercise Modes, inbuilt Games  ","2,499",3.5,"₹2,499",Maxima
Xtreme Gear Analog-Digital Grey Round Dial Men's Sport Watch-77070PP07  ,"2,899",4.1,"₹2,899",SF
Ladies Neo-Ii Analog Blue Dial Women's Watch-NL2569SM01  ,"4,795",4.4,"₹4,795",Titan
Digital Grey Dial Men's Watch-NL77072PP02/NP77072PP02  ,599,4.3,₹599,Sonata
Digital Men's Watch (Black Colored Strap)  ,329,3.7,₹329,Scarter
"boAt Blaze Smart Watch with 1.75"" HD Display, Fast Charge, Apollo 3 Blue Plus Processor, 24x7 Heart Rate & SpO2 Monitor, Multiple Watch Faces, Multiple Sports Modes & 7 Days Battery Life(Active Black)  ","1,999",3.8,"₹1,999",boAt
Light Leathers Analog Blue Dial Men's Watch-NM90102WL02 / NL90102WL02/NP90102WL02  ,"10,645",4.2,"₹10,645",Titan
"APCSA Smart Watch for Men & Women Latest Bluetooth 1.3"" LED with Daily Activity Tracker, Heart Rate Sensor, BP Monitor, Sports Gym Watch for All Boys & Girls - Pink  ",599,3.4,₹599,APCSA
Analog Women's Watch  ,"1,354",4.3,"₹1,354",Fastrack
"Maxima Max Pro Sky 1.85"" HD Smart Watch with Bluetooth Calling, AI Voice Assistant, Add Personalised QR, Always ON Display for 30 Min, HR/SpO2/Stress/Sleep Monitor, 550Nits Brightness (Midnight Black)  ","1,899",5.0,"₹1,899",Maxima
"Fire-Boltt Ninja 3 Smartwatch Full Touch 1.69 "" & 60 Sports Modes with IP68, Sp02 Tracking, Over 100 Cloud based watch faces ( Green )  ","1,299",4.2,"₹1,299",Fire-Boltt
"Digital Watch for Men's & Boy's (Multicolored Silver Dial, Black Colored Strap)  ",419,3.8,₹419,Emartos
Super Fibre Digital Grey Dial Men's Watch-NL87011PP04/NP87011PP04  ,600,4.2,₹600,Sonata
"Gen 5E Smartwatch with AMOLED Screen, Wear OS by Google, Built-in Speaker for Phone Calls, Google Assistant, SpO2, GPS, NFC, Wellness Features and Smartphone Notifications  ","11,994",3.9,"₹11,994",Fossil
Zaha New Generation Digital Square Watch for Boys & Girls & Kids (Red)  ,139,5.0,₹139,Generic
Fundamentals Analog Brown Dial Men's Watch-NL38051SL02  ,"1,550",4.2,"₹1,550",Fastrack
Analog Blue Dial Unisex's Watch-NN26006PP01W/NP26006PP01W  ,699,4.4,₹699,Titan
Boy's Avenger Printed Analog Watch and King Bracelet Combo (Black)  ,249,3.7,₹249,CERO
Analog Black Dial Men's Watch NM7987YL03W/NN7987YL03W  ,649,4.1,₹649,Sonata
"MARVIK Smart Watch D116 for Xiaomi Mi Note 10 Smart Watch LED with Activity Tracker, Heart Rate Sensor, Sleep Monitor and Basic Functionality for All Boys Girls  ",449,3.1,₹449,MARVIK
Green-Black Dial Analogue Watch for Men | Watch for Boys- Mk-2092W  ,299,3.7,₹299,LORENZ
Analog Silver Dial Men's Watch-NL1584SL03/NP1584SL03  ,"2,695",4.3,"₹2,695",Titan
Analog Gold Dial Men's Watch-43234CMGY  ,"1,349",Only 1 left in stock.,"₹1,349",Maxima
Analog-Digital Black Dial Men's Watch-NL38035SL03/NP38035SL03  ,"4,494",4.2,"₹4,494",Fastrack
"Fire-Boltt Ring Bluetooth Calling Smartwatch with SpO2 & 1.7” Metal Body with Blood Oxygen Monitoring, Continuous Heart Rate, Full Touch & Multiple Watch Faces (Blue)  ","2,299",4.1,"₹2,299",Fire-Boltt
Analog Black Dial (Big dial) Men's Watch-DZ7395  ,"33,995",4.0,"₹33,995",Diesel
"boAt Blaze Smart Watch with 1.75” HD Display, Fast Charge, Apollo 3 Blue Plus Processor, 24x7 Heart Rate & SpO2 Monitor, Multiple Watch Faces, Multiple Sports Modes & 7 Days Battery Life(Deep Blue)  ","1,299",3.8,"₹1,299",boAt
Analogue White Slim Dial Luxurious Blue/Red Fabric Strap Fashion Men's Wrist Watch  ,269,3.7,₹269,FRIEDRICH
Analog Blue Dial Men's Watch-FS5661  ,"5,397",4.6,"₹5,397",Fossil
Silver Linings Analog Black Dial Women's Watch-NN87029NL02/NP87029NL02  ,"1,137",4.0,"₹1,137",Sonata
"Smart Watch D20 Bluetooth Smart Watch Touch Sensor Bluetooth Smart Watch with Activity Tracker, Heart Rate Sensor, Sleep Monitor and Basic Functionality for All Boys & Girls with 1Year Warranty  ",498,,₹498,friction
Zaha New Generation Digital Square Watch for Boys & Girls & Kids (Pink)  ,110,1.5,₹110,Generic
Essentials Analog White Dial Men's Watch NM77083SM01 / NL77083SM01  ,"1,099",4.2,"₹1,099",Sonata
Chronograph Design Multi Analog Combo Watches for Men and Watches for Boys Pack of 3  ,355,3.5,₹355,Acnos
Axial Digital Black Dial Men's Watch-DZT2017  ,"10,397",3.8,"₹10,397",Diesel
Analog Black Dial Men's Watch-MTP-VT01L-1BUDF (A1615)  ,"2,405",4.3,"₹2,405",Casio
Minimalist Analog Blue Dial Men's Watch-FS5942  ,"11,995",3.8,"₹11,995",Fossil
A500  ,906,4.1,₹906,TIMEX
Shhors Collection Quartz Movement Digital Black Dial Sports Alarm Unisex Watch  ,283,4.1,₹283,Primeshop
Casual Analog Black Dial Men's Watch-NL3121SM02/NP3121SM02  ,"1,850",4.2,"₹1,850",Fastrack
Black Round Diamond Dial with Latest Generation Purple & Rosegold Magnet Belt Analogue Watch for Women Pack of - 2 (DM-PURPLE-ROSEGOLD05)  ,345,3.8,₹345,Acnos
Zaha New Generation Digital Square Watch for Boys & Girls & Kids (Red)  ,139,5.0,₹139,Generic
A500  ,906,4.1,₹906,TIMEX
"Apple Watch SE (2nd Gen) [GPS 44 mm] Smart Watch w/Midnight Aluminium Case & Midnight Sport Band. Fitness & Sleep Tracker, Crash Detection, Heart Rate Monitor, Retina Display, Water Resistant  ","32,400",4.6,"₹32,400",Apple
Boy's Avenger Printed Analog Watch and King Bracelet Combo (Black)  ,249,3.7,₹249,CERO
Riley Analog Rose Gold Dial Women's Watch - ES2811  ,"10,995",4.2,"₹10,995",Fossil
Analog Multi-Color Dial Children's Watch-NLC3008PP01/NPC3008PP01  ,675,4.4,₹675,Zoop
Neo Analog Silver Dial Men's Watch-NN1733KM03  ,"6,195",4.1,"₹6,195",Titan
Digital Grey Dial Men's Watch-NL77072PP02/NP77072PP02  ,599,4.3,₹599,Sonata
Green-Black Dial Analogue Watch for Men | Watch for Boys- Mk-2092W  ,299,3.7,₹299,LORENZ
Analog Blue Dial Women's Watch-NL2574SM01/NP2574SM01  ,"1,795",4.3,"₹1,795",Titan
"Apple Watch Series 8 [GPS + Cellular 45 mm] Smart Watch w/Midnight Aluminium Case with Midnight Sport Band. Fitness Tracker, Blood Oxygen & ECG Apps, Always- On Retina Display, Water Resistant  ","58,899",4.6,"₹58,899",Apple
Analog Gold Dial Men's Watch-43234CMGY  ,"1,349",No reviews,"₹1,349",Maxima
Casual Analog Navy Blue Dial Men's Watch NM3120SM02/NN3120SM02/NP3120SM02  ,"1,580",4.3,"₹1,580",Fastrack
Analog White Dial Women's Watch NM8976YL02W / NL8976YL02W  ,649,4.1,₹649,Sonata
Analog Black Dial (Big dial) Men's Watch-DZ7395  ,"33,995",4.0,"₹33,995",Diesel
Analog Blue Dial Men's Watch-NL3117SL04/NP3117SL04  ,"1,795",4.3,"₹1,795",Fastrack
The Watch  ,0,4.0,₹0,Raitt Emmel Hall
Analogue White Slim Dial Luxurious Blue/Red Fabric Strap Fashion Men's Wrist Watch  ,269,3.7,₹269,FRIEDRICH
"Fire-Boltt Ring Bluetooth Calling Smartwatch with SpO2 & 1.7” Metal Body with Blood Oxygen Monitoring, Continuous Heart Rate, Full Touch & Multiple Watch Faces (Grey)  ","2,299",4.1,"₹2,299",Fire-Boltt
Analog Gold Dial Men's Watch-NL1650YM04/NP1650YM04  ,"2,787",4.4,"₹2,787",Titan
"Analogue Waterproof Men's Day and Date Watch (Gold Round Dial Gold Strap,LS4010)  ",599,New to Amazon,₹599,RUSTET
Analog Multicolour Dial Girls Watch NK26006PP03 / NK26006PP03  ,775,4.4,₹775,Zoop
Silver Linings Analog Black Dial Women's Watch-NN87029NL02/NP87029NL02  ,"1,137",4.0,"₹1,137",Sonata
"Fire-Boltt Eterno 1.99"" Largest Display, Bluetooth Calling Smartwatch with 1184mm Display Area, AI Voice Assistant, 120+ Sports Modes (Yoga) with Smart Split Screen to Toggle between functions, Gaming on the Wrist  ","2,499",4.2,"₹2,499",Fire-Boltt
Zaha New Generation Digital Square Watch for Boys & Girls & Kids (Pink)  ,110,1.5,₹110,Generic
"Pebble Cosmos Endure 1.46"" AMOLED Always-On Display Bluetooth Calling IP68 Waterproof Smartwatch 466 * 466 (Glacier Blue)  ","4,499",4.4,"₹4,499",Pebble
Chronograph Design Multi Analog Combo Watches for Men and Watches for Boys Pack of 3  ,355,3.5,₹355,Acnos
Analog Silver Dial Men's Watch-NL1584SL03/NP1584SL03  ,"2,695",4.3,"₹2,695",Titan
"Waterproof D20 Touchscreen Smart Watch Bluetooth Smartwatch with Blood Pressure Tracking, Heart Rate Sensor and Basic Functionality for All Women and Men  ",332,2.5,₹332,Generic
Analog Gray Dial Men's Watch-FCN00041G  ,"3,802",New to Amazon,"₹3,802",French Connection
"APCSA Smart Watch for Men & Women Latest Bluetooth 1.3"" LED with Daily Activity Tracker, Heart Rate Sensor, BP Monitor, Sports Gym Watch for All Boys & Girls - Pink  ",599,3.4,₹599,APCSA
"Fire-Boltt Ninja 3 1.83"" Display Smartwatch Full Touch with 100+ Sports Modes with IP68, Sp02 Tracking, Over 100 Cloud Based Watch Faces  ","1,299",4.2,"₹1,299",Fire-Boltt
Minimalist Analog Blue Dial Men's Watch-FS5942  ,"11,995",3.8,"₹11,995",Fossil
Ladies Neo-Ii Analog Blue Dial Women's Watch-NL2569SM01  ,"4,795",4.4,"₹4,795",Titan
Shhors Collection Quartz Movement Digital Black Dial Sports Alarm Unisex Watch  ,283,4.1,₹283,Primeshop
"Samsung Galaxy Watch4 Classic Bluetooth(4.6 cm, Black, Compatible with Android Only)  ","18,649",4.3,"₹18,649",Samsung
Classics Analog Beige Dial Women's Watch -B301  ,599,4.2,₹599,TIMEX
"Maxima Max Pro X4+ Rugged Bluetooth Calling Smart Watch 1.32"" Round Always on Premium Display with 360x360 px Resolution, AI Voice Assitant, Advance UI, 340 mah Big Battery, HR/SpO2, 150+ Watch Faces  ","2,499",3.7,"₹2,499",
White Dial Dora Love Watch Series Analogue Girl's Kids Watch  ,189,3.6,₹189,SWADESI STUFF
Casual Analogue Women Watch (Blue Dial Silver Colored Chain)  ,282,3.9,₹282,jainx
Brand A Army Shockproof Waterproof Digital Sports Black Sunglass with Black Baseball Cap Watch for Mens Kids Sports Watch with Cap for Boys - Military Army Watch for Men  ,321,3.7,₹321,SELLORIA
Gen 6 Smartwatch Digital Black Dial Men's Watch-FTW4060  ,"24,995",5.0,"₹24,995",Fossil
Analog Black Dial Men's Watch-FCN00034A  ,"3,262",No reviews,"₹3,262",French Connection
"CrossBeats Ignite GRIT Smart Watch, 1.83 AMOLED Display with Advanced Bluetooth Calling, Rotating Crown,AI Health Sensors, 150+ Sports Modes, 250+Watch Faces, in-Built Games, 15 Days Battery-Pink  ","2,999",4.3,"₹2,999",CrossBeats
Analog-Digital Gold Round Dial Men's Casual Watch-77070PP08  ,"2,899",3.7,"₹2,899",SF
Chronograph Men's Watch (Black Dial)  ,"12,995",4.3,"₹12,995",Armani Exchange
sunway M3 Silicone LED Digital Black Men's Women's Watch  ,100,2.8,₹100,sunway
Formal Analog Men's Watch (Black Dial Multi Colored Strap)  ,389,3.4,₹389,VILLS LAURRENS
Black Round Diamond Dial with Latest Generation Purple & Rosegold Magnet Belt Analogue Watch for Women Pack of - 2 (DM-PURPLE-ROSEGOLD05)  ,345,3.8,₹345,Acnos
Multi Function Kids Digital Watch for Boys  ,249,3.6,₹249,SWADESI STUFF
Karishma Analog Multi-Colour Dial Men's Watch-NL9151YM01/NP9151YM01  ,"2,695",4.1,"₹2,695",Titan
Zaha New Generation Digital Square Watch for Boys & Girls & Kids (Pink)  ,163,1.5,₹163,Generic
Scarlette Mini Analog Gold Dial Women's Watch-ES4319  ,"5,997",4.6,"₹5,997",Fossil
Analog Black Dial Men's Watch-TI000R41500  ,"1,209",4.0,"₹1,209",TIMEX
Analog Multicolour Dial Girls Watch NK26006PP03 / NK26006PP03  ,775,4.4,₹775,Zoop
Analogue Boy's Watch (White Dial Pink Colored Strap)  ,119,3.9,₹119,RPS FASHION WITH DEVICE OF R
Digital Grey Dial Men's Watch-NL77072PP03/NP77072PP03  ,585,4.3,₹585,Sonata
Analogue White Slim Dial Luxurious Blue/Red Fabric Strap Fashion Men's Wrist Watch  ,269,3.7,₹269,FRIEDRICH
Beaufort Anatolia Automatic Analog Black Dial Men's Watch-ES-8059-04  ,"26,475",3.7,"₹26,475",Thomas Earnshaw
"Samsung Galaxy Watch4 Classic Bluetooth(4.2 cm, Black, Compatible with Android Only)  ","18,000",4.3,"₹18,000",Samsung
Chronograph Design Multi Analog Combo Watches for Men and Watches for Boys Pack of 3  ,355,3.5,₹355,Acnos
"ALPHABITA Glorious Women's Rose Gold Smart Watch Talk 2 Bluetooth Calling Smartwatch with 3 Button, Hands On Voice Assistance HD Display, 14 Sports Modes with Puple Belt (Rose Gold)  ","4,999",5.0,"₹4,999",ALPHABITA
Opus Automatic Watch Mechanical Wrist Watch for Men Octagonal Case with Silicone Band Self-Wind Business Watch for Men  ,"2,990",M.R.P: ,"₹2,990",ALTURA
"Dicto T-500 S8 Series Smart Watch Sleep Monitor, Distance Tracker, Calendaring, Sedentary Reminder, Text Messaging, Pedometer, Calorie Tracker, Heart Rate Monitor Smartwatch (Black) Pack of 1  ",599,2.2,₹599,Dicto
Analog Black Dial Men's Watch-3089NM03  ,"2,641",4.2,"₹2,641",Fastrack
Analog White Dial Women's Watch NM8976YL02W / NL8976YL02W  ,649,4.1,₹649,Sonata
"Watches: The History of Time,: The Complete Guide to Servicing And Repairing Your Timepiece  ",0,3.4,₹0,Samuel Johnson
Analog White Dial Unisex-Child Watch-NP16016PP03/NP16016PP03  ,"1,340",4.8,"₹1,340",Zoop
Analog Rose Gold Dial Women's Watch-NM6147NM01 / NL6147NL01/NP6147NM01  ,"2,495",4.3,"₹2,495",Fastrack
Classics Analog White Dial Women's Watch-B300  ,626,4.2,₹626,TIMEX
Boy's Avenger Printed Analog Watch and King Bracelet Combo (Black)  ,249,3.7,₹249,CERO
"APCSA Original New Series 7 D20 Bluetooth Wireless Smart Watch, Fitness Band for Boys, Girls, Men, Women & Kids | Sports Watch for All Smart Phones I Heart Rate and BP Monitor ( Pink )  ",498,3.0,₹498,APCSA
Neo Economy Analog White Dial Men's Watch-NN1802SL04  ,"1,995",4.5,"₹1,995",Titan
Ladies Neo-Ii Analog Blue Dial Women's Watch-NL2569SM01  ,"4,795",4.4,"₹4,795",Titan
Analog Black Dial Women's Watch-6230NL01  ,"2,150",4.1,"₹2,150",Fastrack
A500  ,906,4.1,₹906,TIMEX
Light Leathers Analog Blue Dial Men's Watch-NM90102WL02 / NL90102WL02/NP90102WL02  ,"10,645",4.2,"₹10,645",Titan
Super Fibre Analog Black Dial Men's Watch -NM7920PP13 / NL7920PP13  ,775,4.0,₹775,Sonata
"Apple Watch Series 8 [GPS 41 mm] Smart Watch w/Starlight Aluminium Case with Starlight Sport Band. Fitness Tracker, Blood Oxygen & ECG Apps, Always-On Retina Display, Water Resistant  ","43,900",4.6,"₹43,900",Apple
"Noise Pulse Go Buzz Smart Watch with Advanced Bluetooth Calling, 1.69"" Display, 150+ Cloud Watch Face, SPo2, Heart Rate Tracking, 100 Sports Mode with Auto Detection, Longer Battery (Midnight Blue)  ","1,699",4.1,"₹1,699",Noise
Analogue Men's Watch (Black Dial)  ,"58,300",4.5,"₹58,300",Victorinox
Analog White Dial Men's Watch-NL1585SL07  ,"1,995",4.3,"₹1,995",Titan
Vintage Series Digital Grey Dial Men's Watch-F-94WA-8DG (D052)  ,"1,295",4.2,"₹1,295",Casio
Green-Black Dial Analogue Watch for Men | Watch for Boys- Mk-2092W  ,299,3.7,₹299,LORENZ
Formal Analog Black Dial Men's Watch NM7924NM01/NN7924NM01  ,"1,725",4.2,"₹1,725",Sonata
Analog Dial Women's Watch  ,"2,432",4.3,"₹2,432",French Connection
Analogue Men's Watch (Pack of 3) (Multicolored Dial Multicolored Colored Strap)  ,355,3.5,₹355,Acnos
Analog Women's Watch  ,"1,354",4.3,"₹1,354",Fastrack
Yuva Analog Black Dial Men's Watch-NL7924SL04/NP7924SL04  ,975,4.1,₹975,Sonata
Analog Gold Dial Men's Watch-NL1715YM02  ,"1,995",4.3,"₹1,995",Titan
Blue Dial Blue Case Leather Date and Time Watch Combo for Pack of - 1  ,329,3.4,₹329,Acnos
Analog White Dial Men's Watch-FS4795  ,"13,495",4.4,"₹13,495",Fossil
Pairs Analog Silver Dial Unisex's Watch-NN770318141YL02/NP770318141YL02  ,"2,467",4.1,"₹2,467",Sonat
"IMOO Watch Phone Z1 Kids Smart Watch, 4G Kids Smartwatch Phone with Long-Lasting Video & Phone Call, Kids GPS Watch with Real-time Locating & IPX8 Water-Resistance (Pink)  ","9,990",4.3,"₹9,990",IMOO
Enticer Analog Blue Dial Men's Watch-MTP-VD01D-2EVUDF (A1364)  ,"2,198",4.4,"₹2,198",Casio
Analog-Digital Gold Round Dial Men's Casual Watch-77070PP08  ,"2,899",3.7,"₹2,899",SF
Scarlette Mini Analog Gold Dial Women's Watch-ES4319  ,"5,997",4.6,"₹5,997",Fossil
Raga Viva Analog Rose Gold Dial Women's Watch-2606WM07  ,"3,995",4.5,"₹3,995",Titan
Analog Blue Dial Unisex's Watch-NN26006PP01W/NP26006PP01W  ,699,4.4,₹699,Titan
Enticer Analog Blue Dial Men's Watch-MTP-VD01D-2EVUDF (A1364)  ,"2,198",4.4,"₹2,198",Casio
Formal Analog Men's Watch (Black Dial Multi Colored Strap)  ,389,3.4,₹389,VILLS LAURRENS
"Honor Watch GS 3 Smartwatch with 1.43"" AMOLED Touch Screen, Heart Rate, Sleep and Blood Oxygen, Dual GPS, Bluetooth Calling,14 Days Life, 100+ Diverse Sport Modes, Midnight Black (MUS-B19)  ","9,999",3.8,"₹9,999",Honor
"Noise Pulse Go Buzz Smart Watch with Advanced Bluetooth Calling, 1.69"" Display, 150+ Cloud Watch Face, SPo2, Heart Rate Tracking, 100 Sports Mode with Auto Detection, Longer Battery (Midnight Blue)  ","1,699",4.1,"₹1,699",Noise
Analog Black Dial Men's Watch-TI000R41500  ,"1,209",4.0,"₹1,209",TIMEX
Raga Viva Analog Grey Dial Women's Watch-NL2604WM01/NP2604WM01  ,"5,495",4.4,"₹5,495",Titan
Super Fibre Digital Grey Dial Men's Watch-NL87012PP03/NP87012PP03  ,585,4.1,₹585,Sonata
Stylish and Fashionable Waterproof LED Square Dial Watch for Boys and Girls  ,289,4.2,₹289,ZOVUTA
"Zebronics DRIP Smart Watch with Bluetooth Calling, 4.3cm (1.69""), 10 built-in & 100+ Watch Faces, 100+ Sport Modes, 4 built-in Games, Voice Assistant, 8 Menu UI, Fitness Health & Sleep Tracker (Black)  ","1,799",3.8,"₹1,799",ZEBRONICS
Neo Economy Analog White Dial Men's Watch-NN1802SL04  ,"1,995",4.5,"₹1,995",Titan
Analog White Dial Men's Watch-FS4795  ,"13,495",4.4,"₹13,495",Fossil
Analog Silver Dial Women's Watch-LTP-V300L-7A2UDF (A1703)  ,"3,195",4.3,"₹3,195",Casio
Analog Blue Dial Men's Watch-NL1698SM02  ,"4,895",4.2,"₹4,895",Titan
Watch for Boys and Girl Spider Men Kids Light Glowing Watch with Music Tune and Face Cover Multicolor Led Digital Light Kid Watch (3-9 Year Red  ,,3.8,,Lionmati
Edifice Stopwatch Men's Chronograph EFR-539BK-1AVUDF (EX187)  ,,4.0,,Casio
